{"cameraMode":{"drawMode":0,"name":"Shaded","section":"Shading Mode"},"sceneLighting":false,"audioPlay":false,"sceneViewState":{"showFog":true,"showMaterialUpdate":false,"showSkybox":false,"showFlares":true,"showImageEffects":true,"showParticleSystems":true},"in2DMode":false,"pivot":{"x":1.098231315612793,"y":2.0187697410583498,"z":0.26664313673973086},"rotation":{"x":-0.13932552933692933,"y":-0.33809155225753786,"z":0.05069747567176819,"w":-0.9293781518936157},"size":7.496402263641357,"orthographic":false}