{"cameraMode":{"drawMode":0,"name":"Shaded","section":"Shading Mode"},"sceneLighting":false,"audioPlay":false,"sceneViewState":{"showFog":true,"showMaterialUpdate":false,"showSkybox":false,"showFlares":true,"showImageEffects":true,"showParticleSystems":true},"in2DMode":false,"pivot":{"x":-1.6774216890335084,"y":-2.4106929302215578,"z":15.912476539611817},"rotation":{"x":-0.057228997349739078,"y":-0.041322242468595508,"z":0.0023814570158720018,"w":-0.9975186586380005},"size":31.7723445892334,"orthographic":false}